code,name,residents,Buddhist,Hindu,Jewish,Muslim,Sikh
E14001063,Aldershot,117430,4957,6054,79,2619,258
E14001064,Aldridge-Brownhills,93606,220,1205,26,2063,4898
E14001065,Altrincham and Sale West,100924,475,3003,2110,6465,408
E14001066,Amber Valley,90320,197,116,38,219,138
E14001067,Arundel and South Downs,97176,356,186,215,256,36
E14001068,Ashfield,95021,176,308,29,598,200
E14001069,Ashford,106815,1280,2661,108,2014,113
E14001070,Ashton-under-Lyne,100040,248,2448,45,10567,121
E14001071,Aylesbury,109464,568,2804,207,9540,339
E14001072,Banbury,101693,505,455,143,3781,368
E14001073,Barking,133816,526,3817,136,36883,2372
E14001074,Barnsley North,104500,181,182,23,605,98
E14001075,Barnsley South,104865,188,171,32,633,91
E14001076,Barrow and Furness,97423,399,134,38,391,27
E14001077,Basildon and Billericay,108103,361,1264,233,2008,202
E14001078,Basingstoke,110027,1264,3291,102,2210,338
E14001079,Bassetlaw,104202,223,252,41,658,167
E14001080,Bath,102411,744,721,224,1551,120
E14001081,Battersea,108899,687,1311,531,9323,261
E14001082,Beaconsfield,96471,458,3295,373,3499,5227
E14001083,Beckenham and Penge,107150,668,2203,455,4455,268
E14001084,Bedford,109966,376,2117,111,11186,2850
E14001085,Bermondsey and Old Southwark,107160,1155,1968,481,10439,276
E14001086,Bethnal Green and Stepney,126758,1100,1602,622,59089,338
E14001087,Beverley and Holderness,89504,247,178,74,358,43
E14001088,Bexhill and Battle,89109,284,217,140,514,16
E14001089,Bexleyheath and Crayford,98663,751,3091,56,3656,2554
E14001090,Bicester and Woodstock,101157,569,896,134,1653,283
E14001091,Birkenhead,105493,424,478,71,1931,168
E14001092,Birmingham Edgbaston,108343,571,3596,416,17600,5476
E14001093,Birmingham Erdington,121721,458,1382,86,17306,1386
E14001094,Birmingham Hall Green and Moseley,117298,304,3296,196,63836,3123
E14001095,Birmingham Hodge Hill and Solihull North,122294,194,431,60,45843,498
E14001096,Birmingham Ladywood,151865,805,2726,141,74320,3573
E14001097,Birmingham Northfield,107788,367,833,85,5673,558
E14001098,Birmingham Perry Barr,121858,628,4066,55,52265,11581
E14001099,Birmingham Selly Oak,107993,481,1954,510,13932,1653
E14001100,Birmingham Yardley,113517,211,1615,49,48310,2028
E14001101,Bishop Auckland,92284,216,104,26,272,71
E14001102,Blackburn,112409,190,399,24,52560,95
E14001103,Blackley and Middleton South,110744,454,473,1202,18068,581
E14001104,Blackpool North and Fleetwood,95007,287,128,93,479,43
E14001105,Blackpool South,109429,386,477,184,1812,81
E14001106,Blaydon and Consett,91525,174,92,69,395,137
E14001107,Blyth and Ashington,101536,198,70,38,677,202
E14001108,Bognor Regis and Littlehampton,107060,330,274,149,837,65
E14001109,Bolsover,100163,174,159,50,295,142
E14001110,Bolton North East,113918,212,1333,52,19411,88
E14001111,Bolton South and Walkden,123536,274,2460,143,30957,107
E14001112,Bolton West,98270,210,2298,67,9594,85
E14001113,Bootle,101382,285,493,88,871,69
E14001114,Boston and Skegness,116190,279,297,66,1147,85
E14001115,Bournemouth East,106938,645,1064,573,2776,101
E14001116,Bournemouth West,107219,673,1044,461,2403,83
E14001117,Bracknell,101779,945,2553,147,1842,767
E14001118,Bradford East,118994,194,762,66,52652,2093
E14001119,Bradford South,109262,192,1503,42,21936,990
E14001120,Bradford West,121355,158,1788,40,71281,1000
E14001121,Braintree,104134,265,355,213,717,79
E14001122,Brent East,134511,1179,8614,1843,36616,285
E14001123,Brent West,133671,1425,37780,883,23915,1074
E14001124,Brentford and Isleworth,128728,1508,13310,208,22216,8919
E14001125,Brentwood and Ongar,98119,354,1490,798,1439,551
E14001126,Bridgwater,99204,245,126,49,559,60
E14001127,Bridlington and The Wolds,92602,241,82,75,442,23
E14001128,Brigg and Immingham,90944,222,258,43,649,96
E14001129,Brighton Kemptown and Peacehaven,95377,768,777,414,2744,95
E14001130,Brighton Pavilion,103019,987,742,694,2627,180
E14001131,Bristol Central,93644,884,976,548,5684,315
E14001132,Bristol East,110058,505,642,154,12097,631
E14001133,Bristol North East,98753,539,620,95,8216,982
E14001134,Bristol North West,109197,519,910,334,3983,408
E14001135,Bristol South,104093,424,526,118,2666,115
E14001136,Broadland and Fakenham,93324,267,150,117,241,49
E14001137,Bromley and Biggin Hill,97555,640,2688,219,2903,313
E14001138,Bromsgrove,99183,284,670,94,859,1152
E14001139,Broxbourne,108394,501,1179,390,4289,168
E14001140,Broxtowe,94546,421,989,112,2125,746
E14001141,Buckingham and Bletchley,105634,445,2905,165,5219,507
E14001142,Burnley,109555,248,195,35,20646,57
E14001143,Burton and Uttoxeter,112535,304,345,30,10727,360
E14001144,Bury North,103159,255,365,567,12659,102
E14001145,Bury South,106731,307,538,16828,7870,557
E14001146,Bury St Edmunds and Stowmarket,101568,482,291,81,509,48
E14001147,Calder Valley,99047,368,172,65,1734,181
E14001148,Camborne and Redruth,99095,341,68,90,230,33
E14001149,Cambridge,124083,1368,2431,954,6204,277
E14001150,Cannock Chase,100519,222,162,29,346,379
E14001151,Canterbury,107270,743,1080,239,2555,220
E14001152,Carlisle,102663,325,341,42,860,30
E14001153,Carshalton and Wallington,105013,865,6709,173,6609,211
E14001154,Castle Point,91551,239,444,670,718,81
E14001155,Central Devon,93160,383,82,83,204,20
E14001156,Central Suffolk and North Ipswich,94164,330,442,85,1215,152
E14001157,Chatham and Aylesford,105853,290,969,74,2673,1718
E14001158,Cheadle,95476,348,1382,944,8326,278
E14001159,Chelmsford,107210,619,2475,227,2993,189
E14001160,Chelsea and Fulham,119519,997,1373,1203,10357,234
E14001161,Cheltenham,100197,481,954,173,1434,161
E14001162,Chesham and Amersham,99061,545,4307,515,4205,1933
E14001163,Chester North and Neston,94205,334,690,68,1664,74
E14001164,Chester South and Eddisbury,93836,227,395,78,583,69
E14001165,Chesterfield,93240,247,337,31,887,159
E14001166,Chichester,104147,490,289,168,770,28
E14001167,Chingford and Woodford Green,111004,651,3361,1690,14788,947
E14001168,Chippenham,97946,418,563,86,677,141
E14001169,Chipping Barnet,112899,1045,6229,10955,9940,469
E14001170,Chorley,100925,213,301,44,1470,57
E14001171,Christchurch,88069,301,154,246,362,42
E14001172,Cities of London and Westminster,119981,1768,3526,4228,17317,428
E14001173,City of Durham,100681,450,522,143,1354,134
E14001174,Clacton,98188,288,202,164,456,28
E14001175,Clapham and Brixton Hill,104988,740,724,475,7230,158
E14001176,Colchester,114325,966,2091,180,3139,127
E14001177,Colne Valley,93053,228,296,45,3396,528
E14001178,Congleton,89872,263,183,83,395,77
E14001179,Corby and East Northamptonshire,116591,289,514,105,751,332
E14001180,Coventry East,118281,280,4428,91,15889,6481
E14001181,Coventry North West,107291,298,3150,54,7821,4408
E14001182,Coventry South,119747,677,6146,114,12087,6408
E14001183,Cramlington and Killingworth,96555,199,358,55,650,168
E14001184,Crawley,118493,529,6090,96,11521,851
E14001185,Crewe and Nantwich,109505,358,564,79,1386,67
E14001186,Croydon East,109851,526,4735,171,8721,371
E14001187,Croydon South,101039,648,6899,198,6669,466
E14001188,Croydon West,122503,853,9498,181,17563,518
E14001189,Dagenham and Rainham,119201,413,3212,189,17445,2187
E14001190,Darlington,97348,321,433,33,1803,417
E14001191,Dartford,108841,677,4361,84,3977,1950
E14001192,Daventry,105382,396,550,107,870,281
E14001193,Derby North,103235,381,1420,52,6167,3139
E14001194,Derby South,118518,312,1502,76,22621,6432
E14001195,Derbyshire Dales,89333,247,106,67,338,244
E14001196,Dewsbury and Batley,103778,172,282,31,45329,244
E14001197,Didcot and Wantage,106218,423,1082,189,1098,176
E14001198,Doncaster Central,112141,395,763,55,5417,970
E14001199,Doncaster East and the Isle of Axholme,93680,190,258,29,994,277
E14001200,Doncaster North,96712,233,260,29,457,145
E14001201,Dorking and Horley,93817,348,911,227,1447,127
E14001202,Dover and Deal,103072,550,657,89,663,73
E14001203,Droitwich and Evesham,101984,261,177,83,664,280
E14001204,Dudley,100980,279,1112,29,7661,2130
E14001205,Dulwich and West Norwood,107101,852,1124,459,8113,196
E14001206,Dunstable and Leighton Buzzard,107978,394,1549,215,2257,278
E14001207,Ealing Central and Acton,132426,1720,3212,647,22034,1408
E14001208,Ealing North,127756,1650,12542,238,25994,3798
E14001209,Ealing Southall,124902,790,12746,229,24127,23372
E14001210,Earley and Woodley,105714,991,6726,171,9054,2111
E14001211,Easington,93178,157,78,31,313,188
E14001212,East Grinstead and Uckfield,95610,321,484,230,874,91
E14001213,East Ham,131034,417,12796,95,61766,3421
E14001214,East Hampshire,90856,301,244,162,434,58
E14001215,East Surrey,99163,381,1195,173,1534,105
E14001216,East Thanet,105074,447,685,161,1780,61
E14001217,East Wiltshire,101169,743,1044,88,612,100
E14001218,East Worthing and Shoreham,99623,473,452,319,1426,67
E14001219,Eastbourne,101686,568,513,187,2265,42
E14001220,Eastleigh,93558,396,1260,81,1256,984
E14001221,Edmonton and Winchmore Hill,126808,572,4293,736,28941,522
E14001222,Ellesmere Port and Bromborough,95144,298,315,72,848,49
E14001223,Eltham and Chislehurst,110420,986,2852,271,6045,659
E14001224,Ely and East Cambridgeshire,105469,423,582,179,750,146
E14001225,Enfield North,127374,606,2645,722,22571,308
E14001226,Epping Forest,102613,435,2650,3818,4331,1668
E14001227,Epsom and Ewell,107858,696,3209,257,4432,281
E14001228,Erewash,95175,226,483,32,439,313
E14001229,Erith and Thamesmead,134969,2576,5950,142,11853,3138
E14001230,Esher and Walton,102929,585,1709,529,2710,538
E14001231,Exeter,101696,591,590,179,2306,135
E14001232,Exmouth and Exeter East,99931,305,210,93,722,58
E14001233,Fareham and Waterlooville,98809,300,284,85,641,81
E14001234,Farnham and Bordon,100197,377,347,187,1377,105
E14001235,Faversham and Mid Kent,99072,449,613,93,1082,131
E14001236,Feltham and Heston,133153,2167,13856,86,23685,15748
E14001237,Filton and Bradley Stoke,107340,513,2433,73,3003,554
E14001238,Finchley and Golders Green,126127,1298,6059,26285,13780,505
E14001239,Folkestone and Hythe,91832,1007,1533,117,1016,37
E14001240,Forest of Dean,91561,245,106,57,253,75
E14001241,Frome and East Somerset,92147,358,126,130,267,30
E14001242,Fylde,96280,322,287,298,661,70
E14001243,Gainsborough,95152,221,290,45,383,130
E14001244,Gateshead Central and Whickham,97981,299,387,2805,2802,238
E14001245,Gedling,101081,323,656,78,2388,864
E14001246,Gillingham and Rainham,102312,340,1293,68,3016,1220
E14001247,Glastonbury and Somerton,91963,375,158,76,306,24
E14001248,Gloucester,116413,370,1060,63,5938,191
E14001249,Godalming and Ash,96480,454,465,222,875,111
E14001250,Goole and Pocklington,103404,238,299,92,657,100
E14001251,Gorton and Denton,113690,372,565,81,32271,361
E14001252,Gosport,96272,305,244,48,507,40
E14001253,Grantham and Bourne,98857,284,711,79,568,76
E14001254,Gravesham,106899,347,1491,76,3326,8560
E14001255,Great Grimsby and Cleethorpes,107430,310,226,43,1412,109
E14001256,Great Yarmouth,99746,267,351,63,723,37
E14001257,Greenwich and Woolwich,117456,2076,4570,316,10678,1127
E14001258,Guildford,101736,769,1673,268,2574,239
E14001259,Hackney North and Stoke Newington,116268,776,869,14706,15658,954
E14001260,Hackney South and Shoreditch,112554,1287,902,1314,15007,691
E14001261,Halesowen,94737,212,446,30,7369,1804
E14001262,Halifax,107583,262,1001,88,17916,204
E14001263,Hamble Valley,102367,312,557,63,583,206
E14001264,Hammersmith and Chiswick,116231,1224,1698,909,13486,475
E14001265,Hampstead and Highgate,116883,1329,2749,8872,13445,293
E14001266,"Harborough, Oadby and Wigston",101407,327,6852,168,6927,4923
E14001267,Harlow,111120,420,1011,432,3924,123
E14001268,Harpenden and Berkhamsted,95141,435,897,637,1033,267
E14001269,Harrogate and Knaresborough,101182,322,301,241,685,89
E14001270,Harrow East,118301,950,33134,5116,17853,689
E14001271,Harrow West,121384,1549,29482,587,21576,1479
E14001272,Hartlepool,92338,180,222,27,1213,166
E14001273,Harwich and North Essex,98104,369,378,155,836,115
E14001274,Hastings and Rye,104817,639,483,209,1820,39
E14001275,Havant,95005,275,287,66,504,73
E14001276,Hayes and Harlington,126403,1131,14939,108,25249,20029
E14001277,Hazel Grove,94450,282,291,124,1335,102
E14001278,Hemel Hempstead,103297,436,2206,547,4512,221
E14001279,Hendon,130871,1644,8847,18557,21649,419
E14001280,Henley and Thame,95239,381,362,239,771,172
E14001281,Hereford and South Herefordshire,96481,320,250,58,523,68
E14001282,Herne Bay and Sandwich,99010,410,401,201,739,100
E14001283,Hertford and Stortford,105699,458,778,376,1563,175
E14001284,Hertsmere,105908,585,4710,17895,3781,206
E14001285,Hexham,92071,262,392,60,585,337
E14001286,Heywood and Middleton North,100170,186,294,117,10430,87
E14001287,High Peak,90935,332,86,55,239,18
E14001288,Hinckley and Bosworth,98544,225,801,32,639,524
E14001289,Hitchin,98715,398,1099,228,1493,1502
E14001290,Holborn and St Pancras,106021,1181,1488,2152,20903,243
E14001291,Honiton and Sidmouth,91669,345,79,99,329,31
E14001292,Hornchurch and Upminster,107513,449,2444,412,4305,1666
E14001293,Hornsey and Friern Barnet,103101,905,1989,4199,7839,426
E14001294,Horsham,103881,440,729,171,1135,95
E14001295,Houghton and Sunderland South,100440,138,96,31,370,268
E14001296,Hove and Portslade,101535,817,679,1397,3447,120
E14001297,Huddersfield,112042,347,710,46,24170,2289
E14001298,Huntingdon,108008,428,574,133,2068,196
E14001299,Hyndburn,94026,186,126,44,13935,35
E14001300,Ilford North,119479,682,17160,4077,36511,6226
E14001301,Ilford South,130670,531,14084,393,54091,10494
E14001302,Ipswich,114820,517,1252,82,4606,363
E14001303,Isle of Wight East,69626,246,131,58,234,28
E14001304,Isle of Wight West,70834,253,126,78,358,11
E14001305,Islington North,109827,875,928,1585,13652,292
E14001306,Islington South and Finsbury,115956,994,1315,1264,13215,359
E14001307,Jarrow and Gateshead East,93844,143,144,31,1335,174
E14001308,Keighley and Ilkley,99380,201,244,57,15642,126
E14001309,Kenilworth and Southam,93668,294,824,128,723,837
E14001310,Kensington and Bayswater,132868,1605,1551,2553,16717,303
E14001311,Kettering,110600,380,969,83,1558,1105
E14001312,Kingston and Surbiton,115117,1084,5468,453,7991,942
E14001313,Kingston upon Hull East,103258,240,257,52,1188,77
E14001314,Kingston upon Hull North and Cottingham,115499,392,304,58,5285,123
E14001315,Kingston upon Hull West and Haltemprice,104962,273,283,78,3322,136
E14001316,Kingswinford and South Staffordshire,88533,206,431,23,419,1276
E14001317,Knowsley,93601,149,206,48,520,22
E14001318,Lancaster and Wyre,96834,436,540,113,2358,93
E14001319,Leeds Central and Headingley,106362,599,1743,730,10570,753
E14001320,Leeds East,112583,345,839,203,14311,1058
E14001321,Leeds North East,96180,465,2283,3956,13036,4177
E14001322,Leeds North West,92720,292,672,310,1971,752
E14001323,Leeds South,124390,463,1455,148,15022,580
E14001324,Leeds South West and Morley,95726,236,1050,121,1634,732
E14001325,Leeds West and Pudsey,100731,315,884,175,5820,1626
E14001326,Leicester East,124657,308,46809,48,31958,8518
E14001327,Leicester South,118802,417,9819,227,41377,4403
E14001328,Leicester West,125114,456,9193,51,13108,3530
E14001329,Leigh and Atherton,108177,297,304,31,1592,51
E14001330,Lewes,95095,510,279,281,665,57
E14001331,Lewisham East,117193,945,3690,205,8767,325
E14001332,Lewisham North,117128,1820,1901,368,9738,211
E14001333,Lewisham West and East Dulwich,99594,722,1121,393,5239,264
E14001334,Leyton and Wanstead,117245,826,2744,1066,26041,1222
E14001335,Lichfield,96200,223,244,52,474,401
E14001336,Lincoln,117371,386,485,78,1974,114
E14001337,Liverpool Garston,94104,285,751,723,1761,135
E14001338,Liverpool Riverside,117737,686,1454,187,11899,185
E14001339,Liverpool Walton,101853,339,414,107,1458,48
E14001340,Liverpool Wavertree,102745,574,826,703,8523,210
E14001341,Liverpool West Derby,97297,292,427,114,2329,80
E14001342,Loughborough,100724,430,4021,95,4343,528
E14001343,Louth and Horncastle,96610,210,135,60,277,33
E14001344,Lowestoft,94549,273,183,74,397,39
E14001345,Luton North,115755,306,4183,119,37673,1589
E14001346,Luton South and South Bedfordshire,123499,388,3362,202,36718,1478
E14001347,Macclesfield,95571,372,463,137,679,74
E14001348,Maidenhead,104204,565,3452,333,6355,2276
E14001349,Maidstone and Malling,108774,1018,2088,110,2519,187
E14001350,Makerfield,103157,232,216,23,860,22
E14001351,Maldon,99976,278,320,193,589,82
E14001352,Manchester Central,122420,1058,1236,341,19569,583
E14001353,Manchester Rusholme,110663,760,1872,243,37303,609
E14001354,Manchester Withington,91027,497,1225,641,12871,442
E14001355,Mansfield,105327,297,351,37,1140,226
E14001356,Melksham and Devizes,93195,371,193,88,467,69
E14001357,Melton and Syston,94355,238,4843,57,890,976
E14001358,Meriden and Solihull East,99430,250,1916,144,3432,1761
E14001359,Mid Bedfordshire,99623,315,1025,171,1543,967
E14001360,Mid Buckinghamshire,97797,551,1412,310,1588,266
E14001361,Mid Cheshire,94130,231,354,64,527,63
E14001362,Mid Derbyshire,87996,244,273,50,530,342
E14001363,Mid Dorset and North Poole,95152,303,275,150,432,29
E14001364,Mid Leicestershire,101637,273,6960,50,1802,3298
E14001365,Mid Norfolk,96183,256,138,106,421,39
E14001366,Mid Sussex,98399,416,1187,198,1201,76
E14001367,Middlesbrough and Thornaby East,111338,393,1318,33,14591,565
E14001368,Middlesbrough South and East Cleveland,92409,177,198,23,1078,157
E14001369,Milton Keynes Central,125817,744,7413,168,10180,1118
E14001370,Milton Keynes North,99602,376,2964,150,5628,434
E14001371,Mitcham and Morden,123762,1029,8835,194,15709,376
E14001372,Morecambe and Lunesdale,98308,319,110,68,424,59
E14001373,New Forest East,90775,265,174,105,276,67
E14001374,New Forest West,85006,271,110,129,314,19
E14001375,Newark,105061,275,232,93,653,152
E14001376,Newbury,97656,319,1492,127,1099,143
E14001377,Newcastle upon Tyne Central and West,130744,621,1696,150,19112,724
E14001378,Newcastle upon Tyne East and Wallsend,114910,449,1029,114,3918,339
E14001379,Newcastle upon Tyne North,106731,442,1655,327,4489,482
E14001380,Newcastle-under-Lyme,92900,415,630,54,2028,216
E14001381,Newton Abbot,93355,335,84,66,307,25
E14001382,Newton Aycliffe and Spennymoor,94516,167,113,41,357,122
E14001383,Normanton and Hemsworth,103000,174,159,42,641,118
E14001384,North Bedfordshire,104217,371,910,193,1611,880
E14001385,North Cornwall,99160,302,57,73,241,10
E14001386,North Cotswolds,92321,301,315,131,316,92
E14001387,North Devon,98611,326,175,90,431,51
E14001388,North Dorset,93155,442,256,106,271,35
E14001389,North Durham,94970,215,111,25,472,234
E14001390,North East Cambridgeshire,102459,239,213,110,682,111
E14001391,North East Derbyshire,92441,194,116,55,349,136
E14001392,North East Hampshire,100956,464,978,126,727,318
E14001393,North East Hertfordshire,102787,441,787,313,849,1283
E14001394,North East Somerset and Hanham,95543,260,185,81,471,122
E14001395,North Herefordshire,90555,328,134,84,267,49
E14001396,North Norfolk,86968,320,67,116,149,12
E14001397,North Northumberland,91864,248,59,64,348,100
E14001398,North Shropshire,100943,217,131,48,438,121
E14001399,North Somerset,94221,301,204,80,456,57
E14001400,North Warwickshire and Bedworth,93666,221,721,36,692,2270
E14001401,North West Cambridgeshire,114219,363,1853,120,3327,531
E14001402,North West Essex,104524,472,736,353,946,128
E14001403,North West Hampshire,108216,610,1225,72,1036,212
E14001404,North West Leicestershire,99349,214,467,43,412,299
E14001405,North West Norfolk,103100,332,377,95,615,97
E14001406,Northampton North,128265,436,2167,112,9291,465
E14001407,Northampton South,110385,458,2347,110,4051,823
E14001408,Norwich North,99131,372,371,124,1712,84
E14001409,Norwich South,105228,809,1586,270,3053,148
E14001410,Nottingham East,121914,776,1845,368,20559,1256
E14001411,Nottingham North and Kimberley,108746,387,1414,79,8269,1563
E14001412,Nottingham South,109362,562,2370,506,11132,1582
E14001413,Nuneaton,99486,634,1616,27,3517,1469
E14001414,Old Bexley and Sidcup,101090,844,3376,117,3242,1151
E14001415,Oldham East and Saddleworth,108607,216,242,84,22635,50
E14001416,"Oldham West, Chadderton and Royton",112024,200,933,55,35988,72
E14001417,Orpington,98229,641,4077,210,2480,359
E14001418,Ossett and Denby Dale,93221,188,254,46,2262,212
E14001419,Oxford East,117456,845,1925,469,12339,464
E14001420,Oxford West and Abingdon,106263,838,1344,807,3109,254
E14001421,Peckham,108103,1064,602,365,12221,166
E14001422,Pendle and Clitheroe,108795,259,115,37,17879,41
E14001423,Penistone and Stocksbridge,89019,188,127,53,519,137
E14001424,Penrith and Solway,97239,240,91,45,276,5
E14001425,Peterborough,129667,319,2099,97,23118,870
E14001426,Plymouth Moor View,100609,287,271,64,722,21
E14001427,Plymouth Sutton and Devonport,107388,604,505,113,2547,63
E14001428,"Pontefract, Castleford and Knottingley",100910,253,198,27,550,118
E14001429,Poole,97197,407,478,319,985,48
E14001430,Poplar and Limehouse,138612,1524,4300,504,49709,446
E14001431,Portsmouth North,100132,379,479,73,2643,171
E14001432,Portsmouth South,107870,698,1117,126,7531,288
E14001433,Preston,115485,360,3428,61,20961,826
E14001434,Putney,111318,979,1627,738,11856,300
E14001435,Queen's Park and Maida Vale,123965,997,2218,2001,30590,182
E14001436,Rawmarsh and Conisbrough,94262,150,121,29,712,109
E14001437,Rayleigh and Wickford,96501,208,479,288,604,75
E14001438,Reading Central,116335,1986,6847,251,10755,780
E14001439,Reading West and Mid Berkshire,95240,586,1315,164,2957,422
E14001440,Redcar,93285,198,102,28,895,59
E14001441,Redditch,98808,208,320,61,3655,354
E14001442,Reigate,108564,519,2877,287,3373,236
E14001443,Ribble Valley,99095,223,1268,40,3687,350
E14001444,Richmond and Northallerton,93047,571,774,48,271,34
E14001445,Richmond Park,111484,1136,2554,990,6357,682
E14001446,Rochdale,102905,165,258,69,31067,76
E14001447,Rochester and Strood,103042,472,1049,103,2184,1512
E14001448,Romford,108264,480,3115,806,8145,2152
E14001449,Romsey and Southampton North,98610,460,843,116,2701,1040
E14001450,Rossendale and Darwen,101407,222,145,71,3176,71
E14001451,Rother Valley,91724,178,162,26,1784,177
E14001452,Rotherham,108217,253,439,37,11110,197
E14001453,Rugby,109407,430,3619,66,2045,1454
E14001454,"Ruislip, Northwood and Pinner",99874,946,17917,2722,9273,1642
E14001455,Runcorn and Helsby,93135,236,169,61,564,54
E14001456,Runnymede and Weybridge,106108,538,1975,361,2547,962
E14001457,Rushcliffe,100241,331,1798,249,2557,1117
E14001458,Rutland and Stamford,94240,271,1390,109,913,813
E14001459,Salford,120598,584,1214,3357,7494,353
E14001460,Salisbury,92509,407,423,69,810,54
E14001461,Scarborough and Whitby,97186,330,148,50,697,10
E14001462,Scunthorpe,105450,255,317,30,3951,520
E14001463,Sefton Central,90787,146,281,100,398,40
E14001464,Selby,100884,194,126,94,294,106
E14001465,Sevenoaks,99474,376,752,184,1087,247
E14001466,Sheffield Brightside and Hillsborough,110042,334,448,69,20406,161
E14001467,Sheffield Central,89945,771,1521,178,13168,199
E14001468,Sheffield Hallam,92969,362,998,207,3391,223
E14001469,Sheffield Heeley,105671,412,430,82,6766,150
E14001470,Sheffield South East,104077,214,297,66,12959,124
E14001471,Sherwood Forest,102945,239,326,62,644,274
E14001472,Shipley,97422,214,460,50,5338,625
E14001473,Shrewsbury,100113,316,293,65,656,170
E14001474,Sittingbourne and Sheppey,113014,290,508,81,1329,183
E14001475,Skipton and Ripon,97576,268,185,114,757,53
E14001476,Sleaford and North Hykeham,96349,166,209,54,435,74
E14001477,Slough,137545,639,10277,70,42712,15621
E14001478,Smethwick,114895,293,2610,21,22786,15291
E14001479,Solihull West and Shirley,92362,312,4029,117,6951,3126
E14001480,South Basildon and East Thurrock,101465,272,1192,170,2044,390
E14001481,South Cambridgeshire,104912,693,1894,357,2144,173
E14001482,South Cotswolds,94527,416,486,125,425,86
E14001483,South Derbyshire,94651,215,537,31,707,2081
E14001484,South Devon,90690,567,94,137,338,29
E14001485,South Dorset,98458,429,141,103,482,33
E14001486,South East Cornwall,90955,329,83,74,112,21
E14001487,South Holland and The Deepings,109482,198,264,70,503,124
E14001488,South Leicestershire,101512,234,1152,72,526,640
E14001489,South Norfolk,92546,399,462,120,654,36
E14001490,South Northamptonshire,101561,275,505,116,560,253
E14001491,South Ribble,94714,231,624,63,808,48
E14001492,South Shields,88774,181,178,30,3203,332
E14001493,South Shropshire,94946,261,65,46,285,186
E14001494,South Suffolk,92341,242,156,127,433,26
E14001495,South West Devon,96980,242,71,69,309,18
E14001496,South West Hertfordshire,99059,523,7859,1535,3546,865
E14001497,South West Norfolk,103550,305,132,109,443,46
E14001498,South West Wiltshire,96938,405,287,90,857,95
E14001499,Southampton Itchen,110061,536,1019,106,3858,938
E14001500,Southampton Test,110533,554,1686,106,7838,2590
E14001501,Southend East and Rochford,98247,514,915,968,2908,104
E14001502,Southend West and Leigh,102831,500,1203,1161,2658,118
E14001503,Southgate and Wood Green,128472,1196,4194,2556,18484,565
E14001504,Southport,97371,269,322,179,1032,24
E14001505,Spelthorne,102955,703,4372,174,4146,2612
E14001506,Spen Valley,95132,177,391,47,7008,320
E14001507,St Albans,99523,553,2117,1878,6151,337
E14001508,St Austell and Newquay,99755,331,88,86,116,18
E14001509,St Helens North,100168,231,227,29,704,32
E14001510,St Helens South and Whiston,94847,289,465,38,695,23
E14001511,St Ives,88507,400,43,80,163,20
E14001512,St Neots and Mid Cambridgeshire,105702,481,1413,213,1899,209
E14001513,Stafford,94546,426,1039,49,1246,550
E14001514,Staffordshire Moorlands,85227,162,106,28,231,47
E14001515,Stalybridge and Hyde,97355,239,524,25,5666,44
E14001516,Stevenage,99972,421,1452,236,2922,342
E14001517,Stockport,104844,334,714,166,6671,124
E14001518,Stockton North,99120,260,236,31,3634,234
E14001519,Stockton West,91342,243,551,26,2207,469
E14001520,Stoke-on-Trent Central,112939,477,765,42,11182,266
E14001521,Stoke-on-Trent North,100318,197,281,28,7722,133
E14001522,Stoke-on-Trent South,94490,223,435,30,5156,257
E14001523,"Stone, Great Wyrley and Penkridge",92837,270,299,39,856,679
E14001524,Stourbridge,92890,271,489,28,6004,981
E14001525,Stratford and Bow,127716,925,4614,398,41080,1358
E14001526,Stratford-on-Avon,95082,314,459,125,495,402
E14001527,Streatham and Croydon North,118578,666,3088,287,13934,426
E14001528,Stretford and Urmston,101768,356,717,191,12752,1499
E14001529,Stroud,96021,417,190,107,291,63
E14001530,Suffolk Coastal,93242,345,210,131,511,61
E14001531,Sunderland Central,97413,298,410,36,4130,361
E14001532,Surrey Heath,98129,1002,2079,157,2916,1059
E14001533,Sussex Weald,90870,276,202,178,380,20
E14001534,Sutton and Cheam,104625,956,7957,233,8127,236
E14001535,Sutton Coldfield,96684,351,2189,111,3875,3391
E14001536,Swindon North,106394,610,1669,77,2051,646
E14001537,Swindon South,113022,1053,4061,46,4113,775
E14001538,Tamworth,100372,244,449,31,652,785
E14001539,Tatton,97867,340,832,357,1711,170
E14001540,Taunton and Wellington,107904,336,392,84,821,56
E14001541,Telford,104800,279,913,44,1374,1774
E14001542,Tewkesbury,96610,367,959,70,919,148
E14001543,The Wrekin,108342,418,505,57,3998,1362
E14001544,Thirsk and Malton,96790,217,71,50,244,17
E14001545,Thornbury and Yate,98163,274,235,58,584,146
E14001546,Thurrock,120810,561,2064,151,7618,1739
E14001547,Tipton and Wednesbury,113995,250,2484,18,8763,8827
E14001548,Tiverton and Minehead,91263,321,80,59,157,26
E14001549,Tonbridge,97215,341,908,153,946,200
E14001550,Tooting,107287,609,3481,487,11340,405
E14001551,Torbay,104401,429,194,98,659,48
E14001552,Torridge and Tavistock,95451,321,49,91,162,27
E14001553,Tottenham,136277,1189,1539,6039,21625,529
E14001554,Truro and Falmouth,94886,379,208,102,469,28
E14001555,Tunbridge Wells,105426,438,1101,205,1844,76
E14001556,Twickenham,107335,778,2383,444,4473,1365
E14001557,Tynemouth,95252,275,222,65,1268,188
E14001558,Uxbridge and South Ruislip,118332,1007,9957,257,14378,5331
E14001559,Vauxhall and Camberwell Green,103329,1052,877,439,9850,159
E14001560,Wakefield and Rothwell,106029,302,790,70,8112,212
E14001561,Wallasey,96435,268,363,76,741,82
E14001562,Walsall and Bloxwich,117315,203,2703,28,25643,6057
E14001563,Walthamstow,122417,799,2642,488,28540,425
E14001564,Warrington North,96645,244,409,81,1374,139
E14001565,Warrington South,101668,312,1033,79,2225,315
E14001566,Warwick and Leamington,105463,401,3252,210,1762,5827
E14001567,Washington and Gateshead South,94563,122,148,46,626,339
E14001568,Watford,110251,1080,9138,1485,13721,716
E14001569,Waveney Valley,88193,205,107,110,250,23
E14001570,Weald of Kent,92839,273,259,118,500,83
E14001571,Wellingborough and Rushden,112460,377,2919,87,1984,320
E14001572,Wells and Mendip Hills,88606,308,117,81,199,26
E14001573,Welwyn Hatfield,113750,869,3695,1003,3745,437
E14001574,West Bromwich,110888,368,4388,30,12945,15348
E14001575,West Dorset,93588,436,141,96,497,13
E14001576,West Ham and Beckton,137227,1155,4394,170,34414,1041
E14001577,West Lancashire,100438,232,232,62,459,91
E14001578,West Suffolk,118148,485,445,143,1496,75
E14001579,West Worcestershire,98224,339,157,86,419,100
E14001580,Westmorland and Lonsdale,90919,340,61,73,267,15
E14001581,Weston-super-Mare,96915,313,225,66,817,42
E14001582,Wetherby and Easingwold,91528,247,277,621,583,322
E14001583,Whitehaven and Workington,93036,185,66,28,356,29
E14001584,Widnes and Halewood,92386,199,291,34,539,79
E14001585,Wigan,104890,260,400,26,1560,48
E14001586,Wimbledon,110394,1089,5488,603,8271,399
E14001587,Winchester,104767,729,810,194,794,149
E14001588,Windsor,110873,622,4274,330,7368,5405
E14001589,Wirral West,87884,250,383,93,408,43
E14001590,Witham,102387,323,520,185,608,74
E14001591,Witney,97257,340,265,134,729,68
E14001592,Woking,103943,642,2488,223,9730,285
E14001593,Wokingham,98225,437,2924,283,2321,1095
E14001594,Wolverhampton North East,104522,244,1565,26,3226,7861
E14001595,Wolverhampton South East,119747,319,4223,41,6429,13899
E14001596,Wolverhampton West,112655,462,5279,45,9234,16201
E14001597,Worcester,103871,367,433,51,4227,168
E14001598,Worsley and Eccles,106629,305,741,255,3941,231
E14001599,Worthing West,99730,582,537,261,1438,95
E14001600,Wycombe,106288,631,2707,180,19365,946
E14001601,Wyre Forest,101607,234,126,42,1056,256
E14001602,Wythenshawe and Sale East,111579,402,1845,285,5955,274
E14001603,Yeovil,104874,309,251,58,572,20
E14001604,York Central,109270,716,685,164,1779,121
E14001605,York Outer,93548,327,360,109,707,58
S14000021,East Renfrewshire,96825,247,1272,1514,5309,610
S14000027,Na h-Eileanan an Iar,26159,57,17,2,58,1
S14000045,Midlothian,96512,196,287,44,1158,63
S14000048,North Ayrshire and Arran,91605,209,49,33,346,114
S14000051,Orkney and Shetland,44962,140,16,17,79,1
S14000060,Aberdeen North,111953,411,1534,55,3254,83
S14000061,Aberdeen South,112062,574,1460,98,3243,83
S14000062,Aberdeenshire North and Moray East,97549,172,62,47,216,22
S14000063,Airdrie and Shotts,93055,93,89,33,1464,90
S14000064,Alloa and Grangemouth,94364,116,139,36,1139,77
S14000065,Angus and Perthshire Glens,97447,178,80,40,386,17
S14000066,Arbroath and Broughty Ferry,99584,202,133,49,1060,51
S14000067,"Argyll, Bute and South Lochaber",91128,280,89,75,347,50
S14000068,Bathgate and Linlithgow,94491,154,249,38,834,53
S14000069,"Caithness, Sutherland and Easter Ross",95954,215,86,52,348,12
S14000070,Coatbridge and Bellshill,94929,99,86,12,1284,179
S14000071,Cowdenbeath and Kirkcaldy,95015,197,205,41,1278,195
S14000072,Cumbernauld and Kirkintilloch,91910,122,146,32,1114,269
S14000073,Dumfries and Galloway,95684,273,84,38,487,53
S14000074,"Dumfriesshire, Clydesdale and Tweeddale",87709,289,37,65,205,18
S14000075,Dundee Central,105890,648,1039,62,5436,131
S14000076,Dunfermline and Dollar,95621,180,363,42,1168,86
S14000077,East Kilbride and Strathaven,95894,139,227,102,1008,234
S14000078,Edinburgh East and Musselburgh,113798,752,1220,296,4342,475
S14000079,Edinburgh North and Leith,110096,681,1569,275,3686,365
S14000080,Edinburgh South,99879,517,994,349,3563,186
S14000081,Edinburgh South West,107015,564,2770,168,4057,162
S14000082,Edinburgh West,98517,360,1937,170,2613,229
S14000083,Falkirk,96762,172,174,28,1480,103
S14000084,Glasgow East,99705,357,1664,126,9112,341
S14000085,Glasgow North,109138,881,2692,264,7461,628
S14000086,Glasgow North East,107174,446,1129,114,5429,388
S14000087,Glasgow South,91423,315,526,203,7010,515
S14000088,Glasgow South West,96209,347,1031,108,13710,1087
S14000089,Glasgow West,99124,470,940,155,5133,383
S14000090,Glenrothes and Mid Fife,92672,156,124,22,804,110
S14000091,Gordon and Buchan,92535,130,128,35,452,21
S14000092,Hamilton and Clyde Valley,97394,139,260,46,1155,138
S14000093,Inverclyde and Renfrewshire West,90007,108,140,36,564,96
S14000094,"Inverness, Skye and West Ross-shire",105026,310,241,56,721,39
S14000095,Livingston,102124,152,588,42,2163,80
S14000096,Lothian East,97566,196,141,60,703,70
S14000097,Mid Dunbartonshire,95422,186,883,43,1376,870
S14000098,"Moray West, Nairn and Strathspey",98614,342,100,56,291,30
S14000099,"Motherwell, Wishaw and Carluke",97479,120,109,21,1841,183
S14000100,North East Fife,92333,361,248,164,608,74
S14000101,Paisley and Renfrewshire North,93168,212,513,28,2288,693
S14000102,Paisley and Renfrewshire South,94102,142,229,38,1067,198
S14000103,Perth and Kinross-shire,101684,414,231,45,772,46
S14000104,Rutherglen,93709,132,351,38,2411,227
S14000105,Stirling and Strathallan,102009,285,457,72,1016,129
S14000106,West Dunbartonshire,91456,148,108,28,793,105
S14000107,"Ayr, Carrick and Cumnock",90320,142,148,39,378,130
S14000108,"Berwickshire, Roxburgh and Selkirk",96579,281,93,53,327,32
S14000109,Central Ayrshire,87687,140,137,33,368,237
S14000110,Kilmarnock and Loudoun,95741,126,43,61,636,96
S14000111,West Aberdeenshire and Kincardine,97515,252,294,30,553,26
W07000081,Aberafan Maesteg,92575,244,273,16,751,89
W07000082,Alyn and Deeside,102073,261,262,37,564,20
W07000083,Bangor Aberconwy,92264,342,281,45,1215,28
W07000084,Blaenau Gwent and Rhymney,94399,170,97,26,381,152
W07000085,"Brecon, Radnor and Cwm Tawe",92056,452,285,52,294,63
W07000086,Bridgend,95054,280,234,27,636,76
W07000087,Caerfyrddin,93851,304,242,58,567,78
W07000088,Caerphilly,96373,176,168,46,332,97
W07000089,Cardiff East,108008,496,1523,272,10568,414
W07000090,Cardiff North,93892,380,1071,169,3887,210
W07000091,Cardiff South and Penarth,106458,545,2088,171,12848,428
W07000092,Cardiff West,102506,388,1032,120,6832,536
W07000093,Ceredigion Preseli,93821,477,179,80,558,39
W07000094,Clwyd East,96116,304,153,46,433,11
W07000095,Clwyd North,99980,325,287,54,954,58
W07000096,Dwyfor Meirionnydd,94480,297,71,50,297,25
W07000097,Gower,96265,297,248,48,1200,85
W07000098,Llanelli,94048,253,176,47,458,99
W07000099,Merthyr Tydfil and Aberdare,99652,224,179,15,467,96
W07000100,Mid and South Pembrokeshire,101015,363,140,54,541,27
W07000101,Monmouthshire,92959,339,204,79,435,102
W07000102,Montgomeryshire and Glyndwr,97790,289,76,46,428,37
W07000103,Neath and Swansea East,99527,272,308,27,1011,128
W07000104,Newport East,110085,291,441,47,9634,202
W07000105,Newport West and Islwyn,101589,283,377,65,1814,281
W07000106,Pontypridd,101436,308,285,30,804,124
W07000107,Rhondda and Ogmore,100067,182,142,32,384,89
W07000108,Swansea West,104543,525,615,99,5857,192
W07000109,Torfaen,92272,260,253,14,363,62
W07000110,Vale of Glamorgan,94389,277,200,105,782,101
W07000111,Wrexham,99080,322,295,39,1323,69
W07000112,Ynys Môn,68879,154,62,30,328,30
